{
  "episodes": 50,
  "mean_total_reward": 611.0106432953477,
  "std_total_reward": 868.9517340610149,
  "mean_length": 141.4,
  "final_leverages": [
    0.6966108679771423,
    0.8740689754486084,
    0.9022910594940186,
    0.6339110136032104,
    0.7351980805397034,
    0.9079552888870239,
    0.6980305314064026,
    0.9358893036842346,
    0.9529966711997986,
    0.0,
    0.635298490524292,
    0.7039077281951904,
    0.3892398476600647,
    0.7343831658363342,
    0.9620736241340637,
    0.4678267240524292,
    0.9484192132949829,
    0.9474948048591614,
    0.9448781609535217,
    0.737743079662323,
    0.9422082304954529,
    0.7499129176139832,
    0.0,
    0.9303430318832397,
    0.6954384446144104,
    0.6433433294296265,
    0.7022295594215393,
    0.6408942937850952,
    0.9579733610153198,
    0.9523410201072693,
    0.0,
    0.637380838394165,
    0.930560827255249,
    0.9124754667282104,
    0.8875181078910828,
    0.7245432138442993,
    0.9197580218315125,
    0.9459642171859741,
    0.43411484360694885,
    0.7051602005958557,
    0.0,
    0.744684100151062,
    0.9131779074668884,
    0.0,
    0.9548914432525635,
    0.923620879650116,
    0.6956229209899902,
    0.8566443920135498,
    0.9194969534873962,
    0.7408310174942017
  ],
  "final_coverages": [
    835163.25,
    852.211669921875,
    2237.311767578125,
    112681.84375,
    62137.12890625,
    531.0752563476562,
    109069.6640625,
    997.7731323242188,
    1113.7381591796875,
    Infinity,
    29097.3125,
    42726.6640625,
    0.8526220321655273,
    12250.06640625,
    864.5299072265625,
    0.9154140949249268,
    625.8828735351562,
    811.1622924804688,
    730.3828125,
    121578.5078125,
    585.5352783203125,
    971254.0,
    Infinity,
    526.6664428710938,
    22238.296875,
    57381.60546875,
    84153.015625,
    103702.6328125,
    737.467529296875,
    767.6011962890625,
    Infinity,
    747860.75,
    1216.7093505859375,
    521.8922729492188,
    1407.9825439453125,
    4618534.5,
    739.1595458984375,
    1383.90234375,
    0.45781955122947693,
    95519.953125,
    Infinity,
    219982.28125,
    510.77508544921875,
    Infinity,
    1568.53125,
    834.8943481445312,
    6907.53466796875,
    1107.0872802734375,
    678.87255859375,
    47097.87109375
  ],
  "totals": [
    720.281501814723,
    38.714823588728905,
    41.94282990694046,
    737.3306088894606,
    749.6770506054163,
    22.0871941447258,
    678.4438112527132,
    17.020016193389893,
    9.245173051953316,
    1753.1336744874716,
    1121.9830478280783,
    989.9671895205975,
    -19.901098608970642,
    2397.552189722657,
    27.26104575395584,
    -49.24893157184124,
    8.600363373756409,
    18.51390016078949,
    26.285254895687103,
    624.2136462181807,
    17.58640818297863,
    746.7532443404198,
    1283.307617381215,
    18.436629116535187,
    1444.1236785650253,
    873.4914996474981,
    892.2774546444416,
    672.6826357394457,
    23.62966613471508,
    13.515860363841057,
    2819.104677900672,
    653.9809643626213,
    24.945989087224007,
    21.91232693195343,
    34.03711175918579,
    534.310073196888,
    12.692686960101128,
    8.630160987377167,
    -38.844569966197014,
    1229.776898637414,
    2167.596458733082,
    661.6505708992481,
    11.902366071939468,
    4334.571416050196,
    -2.2859522253274918,
    23.15590250492096,
    672.7480788826942,
    30.24280785024166,
    31.330759808421135,
    1420.1654509902
  ],
  "lengths": [
    252,
    42,
    52,
    252,
    252,
    41,
    252,
    41,
    34,
    252,
    252,
    252,
    40,
    252,
    51,
    32,
    33,
    42,
    43,
    252,
    39,
    252,
    252,
    34,
    252,
    252,
    252,
    252,
    43,
    31,
    252,
    252,
    47,
    36,
    46,
    252,
    32,
    36,
    35,
    252,
    252,
    252,
    39,
    252,
    28,
    38,
    252,
    42,
    45,
    252
  ]
}